id,created_at,user,retweets,favorite_count,source,text
235467429919215616,2012-08-14 20:06:24,RepCardoza,4,3,Twitter Web Client,Today I announced my resignation from Congress.  It has been an honor serving.  Read more: http://t.co/aLhOlrSD
226369633928761345,2012-07-20 17:35:01,RepCardoza,2,3,Twitter Web Client,"My thoughts and prayers go out to the families and victims of last night's senseless tragedy in Aurora, CO."
223142987180417024,2012-07-11 19:53:28,RepCardoza,2,0,Twitter Web Client,RT @SocWorkCaucus: Caucus Members Cardoza (CA18) &amp; Fudge (OH11) are fighting to preserve SNAP funding. #FarmBill http://t.co/Vpxp6lRN
223105731715547137,2012-07-11 17:25:26,RepCardoza,0,1,Twitter Web Client,"Intro'd 2nd amendment to #FarmBill: establish new UnderSecretary at USDA to promote ag trade policy, trade negotiations and trade programs"
223096742638395392,2012-07-11 16:49:43,RepCardoza,3,1,Twitter Web Client,Intro'ed my 1st Farm Bill amdt during markup to stabilize feed prices based on regional challenges.  CA dairies have been hit hard #FarmBill
193334083852578816,2012-04-20 13:43:32,RepCardoza,8,0,Twitter Web Client,RT @mark_yudof: http://t.co/b2B1Qyqm Congrats to @ucmerced Violence Prevention Program honored today by Congress' Victims Rights Caucus. ...
192711017153830912,2012-04-18 20:27:41,RepCardoza,1,0,Twitter Web Client,UC Merced's Violence Prevention Program awarded the Allied Profession Award tomorrow by the Con. Victims Rights Caucus http://t.co/r1GZaGjt
185101180047851520,2012-03-28 20:28:54,RepCardoza,0,0,Twitter Web Client,$471k awarded to support Central Valley homeless veterans in Merced SJ and Stanislaus Counties through HUD-VASH program http://t.co/KKd7UjCc
174598195769393152,2012-02-28 20:53:48,RepCardoza,0,0,Twitter Web Client,"Congressional Art Comp guidelines announced, looking forward to showcasing one of the Valley's fantastic young artists! http://t.co/wsGdubom"
169901996512509952,2012-02-15 21:52:47,RepCardoza,0,0,Twitter Web Client,"$223,000 awarded to finish Orestimba Creek feasibility study in Stanislaus County.  Read more: http://t.co/kxXLr029"
167662609779277824,2012-02-09 17:34:15,RepCardoza,2,0,Twitter Web Client,I applaud CA AG Harris for her work to secure $18 billion for the state in multistate negotiations to aid homeowners  http://t.co/x3jrXT4Q
167373268351844352,2012-02-08 22:24:31,RepCardoza,0,0,Twitter Web Client,Today the House passed the Blue Dog's bill to fight wasteful spending! Read more: http://t.co/8vMc44oA
164416274028441600,2012-01-31 18:34:29,RepCardoza,0,0,Twitter Web Client,ICYMI: NPR: Freddie Mac Betting Against Struggling Homeowners http://t.co/UCOoFmgM
162023160986873856,2012-01-25 04:05:06,RepCardoza,2,0,Twitter Web Client,If the President means what he says on housing I couldn't be more pleased. People have waited too long for this relief. http://t.co/CWgkB19w
161561517270106112,2012-01-23 21:30:42,RepCardoza,3,0,Twitter Web Client,I am calling on the President to tackle the housing crisis in his State of the Union Speech tomorrow. Read more: http://t.co/VRxTPFLd
160095432616329216,2012-01-19 20:25:00,RepCardoza,0,0,Twitter Web Client,I have announced my 2012 nominations to the Military Service Academies.  Read more: http://t.co/ukwDGhik
160083634223722496,2012-01-19 19:38:07,RepCardoza,0,0,Twitter Web Client,Stephen Colbert is right on the money!  Read more in my latest blog post: http://t.co/aGUXX8qG
156866010543169537,2012-01-10 22:32:26,RepCardoza,0,0,Twitter Web Client,I sent a letter to the President urging him to appoint a new Director to the FHFA.  Read more: http://t.co/ztJX2sNM
156865777394397184,2012-01-10 22:31:30,RepCardoza,1,0,Twitter Web Client,Today Ezra Klein echoed my sentiment that the President needs to embrace a robust mortgage refinance program Read More: http://t.co/SmdSdHAX
146664443122692096,2011-12-13 18:55:02,RepCardoza,2,0,Twitter Web Client,"The next installment of my weekly blog - ""The President who wants to be a Professor.""  Read more: http://t.co/HW9QibuP"
146241825018093568,2011-12-12 14:55:42,RepCardoza,1,0,Twitter Web Client,Please check out the first installment of my new weekly blog in The Hill chronicling my last year in Congress. http://t.co/7lul2YcE
144493178903478273,2011-12-07 19:07:13,RepCardoza,1,0,Twitter Web Client,"On December 7, 1941, Pearl Harbor was attacked. I would like honor this day by thanking all of our veterans for their sacrifice and service."
141989181223223298,2011-11-30 21:17:13,RepCardoza,1,1,Twitter Web Client,The Fiscal Times profiled my crusade to fix the housing crisis.  Read more: http://t.co/1MOz3gkz
137649563388485633,2011-11-18 21:53:07,RepCardoza,1,0,Twitter Web Client,Today I introduced legislation increasing veterans' access to education benefits.  Read more: http://t.co/FzEIBB4J
136941833631711233,2011-11-16 23:00:52,RepCardoza,1,1,Twitter Web Client,"Today, I supported the passage of important veterans' legislation.  Read more: http://t.co/0U72oktg"
135036700966666240,2011-11-11 16:50:33,RepCardoza,2,0,Twitter Web Client,"This Veterans Day, I would like to thank those who have served our country. We owe them a debt of gratitude for their sacrifice and service."
129537964639395840,2011-10-27 12:40:32,RepCardoza,1,0,Twitter for iPhone,Tune in to C-SPAN's Washington Journal this morning to watch me discuss the housing crisis.
127087572580179969,2011-10-20 18:23:33,RepCardoza,10,0,Twitter Web Client,"I want to thank my friends, family, and constituents for their support.  Today I announced my retirement. Read more: http://t.co/Ojh21F4d"
108653647914737664,2011-08-30 21:33:43,RepCardoza,0,0,Twitter Web Client,ICYMI: WashPost Says President May Include Housing Program Like Cardoza's HOME Act in Jobs Plan. Read More: http://t.co/3xg8Kym
107169564927852544,2011-08-26 19:16:30,RepCardoza,0,0,Twitter Web Client,Today I announced over $42k for Merced County Sherriff's Dept to purchase new telecom equipment.  Read more: http://t.co/J8co3Bc
106833020564152320,2011-08-25 20:59:11,RepCardoza,0,0,Twitter Web Client,Today I announced a $15k law enforcement grant for the city of Ceres. Read more: http://t.co/KVI3aSX
105758686533779457,2011-08-22 21:50:10,RepCardoza,2,0,Twitter Web Client,Today I announced over $1 million in grants to help dairies manage waste and comply with tough regulations.  Read more: http://t.co/tCkvLQl
104644527603716096,2011-08-19 20:02:54,RepCardoza,0,0,Twitter Web Client,Today i announced over $475k in law enforcement grants for Stockton and Atwater.  Read more: http://t.co/qYyzFcH
103940720238395393,2011-08-17 21:26:13,RepCardoza,1,0,Twitter Web Client,"Today, I announced $25 million has been awarded to California to fight drugs and gang violence.  Read more: http://t.co/XfSPhOB"
103575694503706624,2011-08-16 21:15:44,RepCardoza,1,0,Twitter Web Client,Today i announced another law enforcement grant for Stanislaus County and Modesto.  read more: http://t.co/au0QEum
103218230021193729,2011-08-15 21:35:18,RepCardoza,0,0,Twitter Web Client,Merced and Los Banos have been awarded over $73k in Law Enforcement grants.  Read more: http://t.co/AOShVCD
101354454753882114,2011-08-10 18:09:19,RepCardoza,0,0,Twitter Web Client,Announcing a federal grant to built new medical facility in Hilmar.  Read more: http://t.co/LiUQfsg
100589817921945601,2011-08-08 15:30:56,RepCardoza,0,0,Twitter Web Client,"I will be hosting my annual US Service Academies Information Night on Wednesday, September 14th. Please come! Read more: http://t.co/InGJt4i"
99182356329529346,2011-08-04 18:18:11,RepCardoza,1,0,Twitter Web Client,I joined my colleagues this week urging Congress not to cut key transportation funding.  Read more: http://t.co/SS7xyFg
99176642806681601,2011-08-04 17:55:28,RepCardoza,3,0,Twitter Web Client,I am now accepting applications for fall and winter internships in my district offices! http://t.co/xnX6zi7
83645451403931648,2011-06-22 21:20:04,RepCardoza,0,0,Twitter Web Client,"Today I met with the this years art contest winner from Patterson, CA.  Congratulations! http://t.co/vFO87To"
76035984508190720,2011-06-01 21:22:46,RepCardoza,2,0,Twitter Web Client,How bad does the housing crisis have to get? http://go.usa.gov/DIh
75658841928372224,2011-05-31 20:24:08,RepCardoza,0,0,Twitter Web Client,ICYMI: New York Times calls for housing crisis solution like the HOME Act. http://go.usa.gov/DKT
74189324865912832,2011-05-27 19:04:48,RepCardoza,1,0,Twitter Web Client,We should take a moment to thank those in our community who have protected our freedom with service to our country. http://go.usa.gov/DTR
73448315391455235,2011-05-25 18:00:17,RepCardoza,0,0,Twitter Web Client,Geithner's comment on housing crisis shows the lack of committment to fix the central cause of our economic downturn http://bit.ly/lyIjde
73149865147908096,2011-05-24 22:14:21,RepCardoza,0,0,Twitter Web Client,Today I fought against legislation that threatens existing funding to train new physicians in the Valley. Read more: http://go.usa.gov/jhb
68432826055409664,2011-05-11 21:50:31,RepCardoza,3,0,Twitter Web Client,I support relicensing of Don Pedro Dam.  Read More: http://go.usa.gov/jYT
68056293956521984,2011-05-10 20:54:19,RepCardoza,0,0,Twitter Web Client,Fixing the housing crisis remains one of my top priorities.  Read more: http://go.usa.gov/jcF
67628485279096833,2011-05-09 16:34:22,RepCardoza,0,0,Twitter Web Client,$300 Million for CA High Speed Rail! Read more: http://go.usa.gov/bSG
61132880453185536,2011-04-21 18:23:09,RepCardoza,4,0,Twitter Web Client,"As Earth Day approaches, I renew my push for more solar energy.  Read more: http://go.usa.gov/TSg"
56085181806813184,2011-04-07 20:05:24,RepCardoza,0,0,Twitter Web Client,Please read my press release explaining why I voted against the Upton bill today: http://go.usa.gov/T1R
55012871297437699,2011-04-04 21:04:25,RepCardoza,0,0,Twitter Web Client,Please read my press release urging Obama for a bipartisan budget compromise: http://go.usa.gov/2zK
53571809051803648,2011-03-31 21:38:09,RepCardoza,3,0,Twitter Web Client,The House passed a bill protecting farmers and others from a costly new regulation: http://go.usa.gov/2Gp
53200318556672000,2011-03-30 21:01:59,RepCardoza,0,0,Twitter Web Client,High Speed rail progress to Merced.  Read more: http://go.usa.gov/2pa
50289561351368704,2011-03-22 20:15:40,RepCardoza,0,0,Twitter Web Client,Please read my reaction to the new water allocation announcement today: http://go.usa.gov/2r1
50264143126728704,2011-03-22 18:34:40,RepCardoza,0,0,Twitter Web Client,I have introduced new legislation allowing prison guards to protect themselves while on duty: http://bit.ly/fNsqCw
48480249796767745,2011-03-17 20:26:06,RepCardoza,0,0,Twitter Web Client,Please read my statement opposing an irresponsible withdrawal from Afghanistan: http://bit.ly/fcX5Zk
46285684717264896,2011-03-11 19:05:41,RepCardoza,0,0,Twitter Web Client,I released the following statement regarding the tragedy in Japan: http://bit.ly/fJ5zyr
46285155136053248,2011-03-11 19:03:35,RepCardoza,0,0,Twitter Web Client,I am continuing my fight to cut wasteful spending and reduce our deficit. http://bit.ly/hl9Vhm
46273190565117952,2011-03-11 18:16:03,RepCardoza,0,0,Twitter Web Client,I questioned EPA Admin Jackson accusing her of agency activism and burdening Valley farmers with extreme regulations. http://bit.ly/fkf0KW
45270159438524416,2011-03-08 23:50:21,RepCardoza,2,0,Twitter Web Client,Today I offered the HOME Act as an Amendment to two housing program termination bills before the Rules Committee. http://bit.ly/gcXsoa
43419643129495552,2011-03-03 21:17:04,RepCardoza,2,0,Twitter Web Client,"Today, I announced my support for HR 872, protecting farmers from a costly new regulation. Read more: http://bit.ly/g2gUG9"
43406658268966912,2011-03-03 20:25:28,RepCardoza,1,0,Twitter Web Client,ICYMI: I wrote in Roll Call urging the Obama Admin and Congress to take action against foreclosures. http://bit.ly/gUmJzI
42707824287023105,2011-03-01 22:08:33,RepCardoza,1,0,Twitter Web Client,"Today, I asked Hillary Clinton about the plight of Assyrians and other vulnerable religious minorities in the Mid East. http://bit.ly/eIvURl"
42631310774251520,2011-03-01 17:04:31,RepCardoza,1,0,Twitter Web Client,The housing crisis is desperate and I will be working with Rep Shelley Berkley this Congress to fix it.  Read more: http://bit.ly/g32ys8
38690309487595520,2011-02-18 20:04:23,RepCardoza,2,0,Twitter Web Client,I encourage all aspiring high school students to enter this year's Congressional Art Competition!  Read more: http://bit.ly/hhCseo
38373455703314432,2011-02-17 23:05:19,RepCardoza,4,0,Twitter Web Client,Disappointed the Pres won't come to the Valley. I guess too much of the Valley is underwater for Air Force One to land. http://bit.ly/dQcUCm
37652358787764224,2011-02-15 23:19:56,RepCardoza,2,0,Twitter Web Client,Please see my statement encouraging Pres. Obama to visit the Central Valley during his visit to California: http://bit.ly/g6Vf9W
35462970716721152,2011-02-09 22:20:05,RepCardoza,2,0,Twitter Web Client,On Friday i will be pushing for the passage of the HOME Act at a Housing Crisis Summit.  Read more here: http://bit.ly/gouVAQ
35439723690328064,2011-02-09 20:47:43,RepCardoza,0,0,Twitter Web Client,"This week, I was appointed to the Foreign Affairs Committee in the 112th Congress.  Read more: http://bit.ly/hzKnVC"
35102799154909184,2011-02-08 22:28:54,RepCardoza,1,0,Twitter Web Client,I have announced the 2011 nominees for the US Service Academies: http://bit.ly/eYyu4L
35101755523993600,2011-02-08 22:24:45,RepCardoza,0,0,Twitter Web Client,The USDA released $16.9 million in funding to prevent the spread of the European grapevine moth. Read more here http://bit.ly/f6KoXJ
30654546216755200,2011-01-27 15:53:08,RepCardoza,2,0,Twitter Web Client,Please read this article by the Central Valley Business Times on helping underwater homeowners: http://bit.ly/eXuEaI
30377799604772864,2011-01-26 21:33:26,RepCardoza,0,0,Twitter Web Client,Here are my comments on President Obama's State of the Union Address: http://bit.ly/gkWrib
30377628590407680,2011-01-26 21:32:45,RepCardoza,2,0,Twitter Web Client,"I was named Ranking member of the House Agriculture Subcommittee on Livestock, Dairy, and Poultry.  Read more: http://bit.ly/fZ6A4F"
30020689696137216,2011-01-25 21:54:24,RepCardoza,0,0,Twitter Web Client,Today I thanked Senator Boxer for joining the fight against the foreclosure crisis.  Read more:http://bit.ly/g64hVW
27879000508465152,2011-01-20 00:04:06,RepCardoza,0,0,Twitter Web Client,"Today, I voted against repealing Health Care Reform.  Read more here: http://bit.ly/fDS4kH"
27753033857245184,2011-01-19 15:43:33,RepCardoza,0,0,Twitter Web Client,Please read my response to the Department of Interior's 2011 water supply allocation forecast: http://bit.ly/gaMcpx
25662851339255808,2011-01-13 21:17:55,RepCardoza,1,0,Twitter Web Client,"Homeowners who need emergency assistance, please apply as soon as possible.  Read my press release fro more info: http://bit.ly/fjBhZq"
24569439231942657,2011-01-10 20:53:05,RepCardoza,0,0,Twitter Web Client,I will be relocating my Stockton District Office to better provide service to my constituents.  Read the release here: http://bit.ly/eKlbMl
23104037817679873,2011-01-06 19:50:06,RepCardoza,0,0,Twitter Web Client,"As part of my commitment to fiscal responsibility, today I voted to reduce Congress’ budget by 5 percent."
23063650495373313,2011-01-06 17:09:37,RepCardoza,0,0,Twitter Web Client,"This week, I introduced legislation targeting political corruption.  Read my release here: http://bit.ly/hyrMAM"
22782898478260225,2011-01-05 22:34:00,RepCardoza,2,0,Twitter Web Client,Read my statement on today’s vote for Speaker of the House: http://bit.ly/dIVkCz
18493718990422017,2010-12-25 02:30:20,RepCardoza,1,0,Twitter Web Client,Merry Christmas everyone. Have a safe and pleasant holiday!
14400922935365632,2010-12-13 19:27:02,RepCardoza,0,0,Twitter Web Client,"I support President Obama's tax cut proposal:
http://bit.ly/fWrpWL"
10467754637266944,2010-12-02 22:58:01,RepCardoza,0,0,Twitter Web Client,My response to today's High Speed Rail Authority decision on the first route: http://bit.ly/i1j0UR
10011969973133314,2010-12-01 16:46:54,RepCardoza,0,0,Twitter Web Client,My hometown paper speaks out on the High Speed Train To Nowhere: http://bit.ly/ffWBch
9749828280000512,2010-11-30 23:25:14,RepCardoza,0,0,Twitter Web Client,I reqested federal intervention to block California's High Speed Train To Nowhere today: http://bit.ly/gp6ijk
7869130338209792,2010-11-25 18:52:01,RepCardoza,0,0,Twitter Web Client,Happy Thanksgiving eveyone
7561428412137472,2010-11-24 22:29:19,RepCardoza,0,0,Twitter Web Client,"High Speed Rail Authority's Thanksgiving Day Fraud:
http://bit.ly/hKFJWj"
2941249673760768,2010-11-12 04:30:23,RepCardoza,0,0,Twitter Web Client,Thanks to all who have served - or are still serving - in the United States Armed Forces. You are forever owed a debt of gratitude.
651738306584576,2010-11-05 20:52:41,RepCardoza,0,0,Twitter Web Client,Attention high school students! http://bit.ly/dtckg5
570847811084290,2010-11-05 15:31:15,RepCardoza,0,0,Twitter Web Client,High Speed Rail is quickly becoming a reality for the Central Valley. I'll continue doing all I can to support it: http://bit.ly/9wmMHz
29017691770,2010-10-28 19:42:27,RepCardoza,0,0,Twitter Web Client,The San Joaquin Valley needs all the help we can get with the foreclosure crisis: http://bit.ly/cxMEgn
28908876844,2010-10-27 17:17:43,RepCardoza,1,0,Twitter Web Client,RT @MercedSunStar: USDA gives grants worth $950K to several county projects: The office of Rep. Dennis Cardoza said he expressed his ... ...
28719345090,2010-10-25 19:36:36,RepCardoza,1,0,Twitter Web Client,"Great news for the Valley, the economy and high-speed rail! http://bit.ly/bIm3fY"
27377907266,2010-10-14 21:28:27,RepCardoza,0,0,Twitter Web Client,I just attended the groundbreaking for the Intertie project that will help provide water to farmers. More to come! http://bit.ly/bSRMoO
26108515948,2010-10-01 19:24:59,RepCardoza,1,0,Twitter Web Client,Watch my interview on Bloomberg today about the HOME Act: http://bit.ly/d99Xrt
26090267203,2010-10-01 15:29:58,RepCardoza,0,0,Twitter Web Client,I am excited about discussing the HOME Act today on Bloomberg with Margaret Brennan.
25912391529,2010-09-29 19:54:04,RepCardoza,0,0,Twitter Web Client,The HOME Act in the news: http://bit.ly/cU5kAM
25807548779,2010-09-28 18:08:53,RepCardoza,0,0,Twitter Web Client,"Be the first to read about the new HOME Act, which aims to stabilize foreclosures and reduce monthly mortgage payments: http://bit.ly/bSchGM"
25715529230,2010-09-27 19:45:22,RepCardoza,0,0,Twitter Web Client,"I am preparing to reintroduce the HOME Act, which aims to decrease mortgages for millions of Americans: http://huff.to/csJMjq"
25344577451,2010-09-23 21:40:03,RepCardoza,0,0,Twitter Web Client,Congress took another step toward economic recovery today with this legislation to help small businesses: http://bit.ly/9C01D8
25318493630,2010-09-23 15:45:52,RepCardoza,0,0,Twitter Web Client,Blue Dogs and their position in the 112th Congress: http://usat.ly/bbpsS9
24788380798,2010-09-17 20:10:27,RepCardoza,0,0,Twitter Web Client,This grant is critical for our efforts to address domestic violence: http://bit.ly/csWw7v
24785647301,2010-09-17 19:26:37,RepCardoza,0,0,Twitter Web Client,Great news for California farmers! Nearly $17.3 million for specialty crops: http://bit.ly/9QLcIf
24702092700,2010-09-16 22:17:23,RepCardoza,0,0,Twitter Web Client,I was proud to support this bipartisan energy bill for rural areas: http://bit.ly/deQ3Zi
24701570954,2010-09-16 22:09:43,RepCardoza,0,0,Twitter Web Client,I demanded an explanation for bank credit withholding in the San Joaquin Valley today: http://bit.ly/cBGiTH
24591531189,2010-09-15 18:02:18,RepCardoza,2,0,Twitter Web Client,The UC Merced Medical School is a significant step closer to reality following today's news: http://bit.ly/bGNwIm
23942489781,2010-09-08 19:47:04,RepCardoza,0,0,Twitter Web Client,Approximately $19 million will help with the battle against foreclosures in California's 18th Congressional District: http://bit.ly/9SuwoL
22728514388,2010-09-01 17:58:20,RepCardoza,0,0,Twitter Web Client,This is a glimpse at the caliber of men and women serving in uniform from our Valley. Thank a veteran whenever you can: http://bit.ly/bHd5RW
22643686188,2010-08-31 19:42:24,RepCardoza,0,0,Twitter Web Client,"Stopping by UC Merced to discuss Congress with a political science class during the August recess:
http://bit.ly/c1r2Jn"
22641928507,2010-08-31 19:13:21,RepCardoza,0,0,Twitter Web Client,"Grants announced to help fight crime in the San Joaquin Valley:
http://bit.ly/cApzcQ"
22591565267,2010-08-31 05:45:56,RepCardoza,8,0,Twitter Web Client,RT @DeptVetAffairs: Agent Orange: Vets to have easier path to disability compensation under reg to be published Tues. http://go.usa.gov/cHi
22306967970,2010-08-27 23:25:53,RepCardoza,0,0,Twitter Web Client,Congratulations to Merced's new CASA program. I am extremely proud to support this organization: http://bit.ly/aT7YAN
22306442016,2010-08-27 23:17:38,RepCardoza,0,0,Twitter Web Client,"I had a great time visiting my friends at Merced Rotary this week. More pictures to come!
http://bit.ly/d1vj2C"
22213309767,2010-08-26 22:08:03,RepCardoza,0,0,Twitter Web Client,It’s great being home see my constituents. I am especially excited about my visit to UC Merced today!
21089312511,2010-08-13 19:24:20,RepCardoza,4,0,Twitter Web Client,RT @politico: Calif. Dem blasts HUD for happy talk. http://politi.co/ddS05T
20994133562,2010-08-12 17:54:50,RepCardoza,0,0,Twitter Web Client,"I sent the following letter to President Obama:
http://bit.ly/cgINGG"
20815218875,2010-08-10 18:23:35,RepCardoza,1,0,Twitter Web Client,"RT @ucmerced: School Supply
Drive Starts Today http://fb.me/EWW0mjR6"
20814984455,2010-08-10 18:19:49,RepCardoza,1,0,Twitter Web Client,"RT @MercedSunStar: Junior Leadership Merced seeking high school juniors and seniors: Junior Leadership Merced, a program of the Great... ..."
20248539790,2010-08-03 20:38:04,RepCardoza,0,0,Twitter Web Client,"This is a great opportunity for our high school juniors and seniors. Please help spread the word!
http://bit.ly/d3PrhV"
19938096119,2010-07-30 20:43:57,RepCardoza,0,0,Twitter Web Client,Yesterday the House approved my legislation to strip HUD's travel budget for 2011. In this video I discuss the need: http://bit.ly/9IiuY2
19914984952,2010-07-30 14:51:51,RepCardoza,0,0,Twitter Web Client,"Yesterday the House approved my legislation to strip HUD's travel budget for 2011. In this video I discuss the need:
http://bit.ly/9IiuY2"
19859477179,2010-07-29 22:21:41,RepCardoza,0,0,Twitter Web Client,"My legislation pulls plug on HUD travel:
http://bit.ly/b8rB2W"
19849187861,2010-07-29 19:23:19,RepCardoza,0,0,Twitter Web Client,"HUD doesn't get it!
http://politi.co/a7j6gX"
19752044455,2010-07-28 16:09:33,RepCardoza,0,0,Twitter Web Client,"My frank thoughts on the government's response to foreclosures...
http://www.rollcall.com/news/48768-1.html"
19693362499,2010-07-27 23:08:36,RepCardoza,1,0,Twitter Web Client,"The federal response to the foreclosure crisis is not adequate:
http://bit.ly/9WxcSX"
19672197657,2010-07-27 17:10:29,RepCardoza,1,0,Twitter Web Client,"Today, I introduced the Grown in America Act in Congress, encouraging pride for agriculture and the American flag: http://bit.ly/aIXvEA"
19576809857,2010-07-26 14:18:24,RepCardoza,7,0,Twitter Web Client,"RT @DeptVetAffairs: Last week, VA approved more money which will go toward research on Gulf War Illness: http://go.usa.gov/OAI"
19285532241,2010-07-22 21:37:54,RepCardoza,0,0,Twitter Web Client,"Unemployment benefits will be extended and restored:
http://bit.ly/dddl78"
19102013201,2010-07-21 20:04:55,RepCardoza,0,0,Twitter Web Client,"Today's agriculture hearing will provide valuable input for the 2012 Farm Bill:
http://bit.ly/d110Wn"
19081385442,2010-07-21 14:42:10,RepCardoza,0,0,Twitter Web Client,Today I am conducting a hearing to review our current specialty crop programs in preparation of the 2012 Farm Bill. More to come!
18928310969,2010-07-19 16:31:53,RepCardoza,0,0,Twitter Web Client,Today I joined with Congressman Putnam to introduce a bipartisan bill to support our veterans and their families: http://bit.ly/doCO88
18765500394,2010-07-17 13:21:11,RepCardoza,0,0,Twitter Web Client,Great news for Stockton area residents - now let's hope the Senate acts on this too! http://bit.ly/bkbXi1
18629513527,2010-07-15 20:35:09,RepCardoza,0,0,Twitter Web Client,The U.S. House of Representatives passed the Flood Insurance Reform Priorities Act of 2010: http://bit.ly/cUMKxw
18374250376,2010-07-12 18:42:22,RepCardoza,0,0,Twitter Web Client,It was great to be home for the July 4th recess - and great to announce another step toward a Valley medical school: http://bit.ly/ahrImH
17603311128,2010-07-02 21:57:53,RepCardoza,0,0,Twitter Web Client,"A win for dairy, a win for water quality:
http://bit.ly/dgzlFn"
17602596159,2010-07-02 21:44:37,RepCardoza,0,0,Twitter Web Client,Congress is launching a new task force to examine foreclosure and housing issues: http://bit.ly/buTBmn
17449287329,2010-06-30 23:27:10,RepCardoza,0,0,Twitter Web Client,"Today Congress passed significant reforms to Wall Street that will benefit our entire country:
http://bit.ly/ablISV"
17426623486,2010-06-30 16:37:11,RepCardoza,0,0,Twitter Web Client,"Congratulations to one of our Valley students:
http://cardoza.house.gov/index.cfm?sectionid=87&sectiontree=6,87&itemid=461"
17045951570,2010-06-25 21:49:03,RepCardoza,0,0,Twitter Web Client,"Good news for Valley farmers and air pollution:
http://cardoza.house.gov/index.cfm?sectionid=87&parentid=6&sectiontree=6%2C87&itemid=460"
15894549292,2010-06-11 01:48:53,RepCardoza,0,0,Twitter Web Client,"You can now follow my work in Congress on YouTube:
http://www.youtube.com/congressmancardoza"
15894371548,2010-06-11 01:45:57,RepCardoza,0,0,Twitter Web Client,"Foreclosure counseling provided to regions with the most need:
http://cardoza.house.gov/index.cfm?sectionid=87&sectiontree=6,87&itemid=453"
15850303580,2010-06-10 13:29:29,RepCardoza,0,0,Twitter Web Client,"Congress calls on BP to work on cleanup, not public relations:
http://bit.ly/9Ij8SG"
15737681524,2010-06-08 22:45:06,RepCardoza,0,0,Twitter Web Client,"Good news for our grape growers:
http://cardoza.house.gov/index.cfm?sectionid=87&sectiontree=6,87&itemid=451"
15259596693,2010-06-02 15:39:19,RepCardoza,0,0,Twitter Web Client,"Good news for San Luis Wildlife refuge:
http://cardoza.house.gov/index.cfm?sectionid=87&parentid=6&sectiontree=6,87&itemid=441"
14933828716,2010-05-28 21:42:04,RepCardoza,0,0,Twitter Web Client,"Judge's water ruling is win for farmers and common sense:
http://cardoza.house.gov/index.cfm?sectionid=87&sectiontree=6,87&itemid=439"
14385922847,2010-05-20 21:19:21,RepCardoza,0,0,Twitter Web Client,"The latest news on my work to get more water to our farmers:
http://cardoza.house.gov/index.cfm?sectionid=87&sectiontree=6%2C87&itemid=437"
13872973635,2010-05-12 21:29:37,RepCardoza,0,0,Twitter Web Client,"The Blue Dogs introduced new tax oversight legislation today:
http://cardoza.house.gov/index.cfm?sectionid=87&sectiontree=6,87&itemid=432"
13863040772,2010-05-12 17:40:30,RepCardoza,0,0,Twitter Web Client,"This is great news. Congratulations to these students!
http://www.mercedsunstar.com/2010/05/11/1418576/6-uc-merced-students-to-attend.html"
13509639280,2010-05-06 21:43:11,RepCardoza,0,0,Twitter Web Client,"The House passed the Home Star Energy Retrofit Act today:
http://cardoza.house.gov/index.cfm?sectionid=87&sectiontree=6,87&itemid=427"
13494375063,2010-05-06 15:53:03,RepCardoza,0,0,Twitter Web Client,"Today we are voting on the bipartisan Home Star Energy Retrofit Act: 
http://cardoza.house.gov/index.cfm?sectionid=87&itemid=415"
13446342803,2010-05-05 20:43:37,RepCardoza,0,0,Twitter Web Client,"Please spread the word about the Congressional Art Competition.
http://cardoza.house.gov/index.cfm?sectionid=87&sectiontree=6,87&itemid=426"
13375629267,2010-05-04 17:41:36,RepCardoza,0,0,Twitter Web Client,"You may provide input on the 2012 Farm Bill through this link: 
http://agriculture.house.gov/inside/feedbackform.html"
13313198594,2010-05-03 16:12:17,RepCardoza,0,0,Twitter Web Client,"The House Agriculture Committee is meeting in Fresno right now. Watch it live:
http://agriculture.house.gov/hearings/audio.html"
13121295342,2010-04-30 10:14:15,RepCardoza,0,0,Twitter Web Client,"UC Merced received a designation that helps students and campus:
http://bit.ly/a2wnyO"
13080338474,2010-04-29 17:31:03,RepCardoza,0,0,Twitter Web Client,"A Farm Bill hearing is coming to the Valley:
http://cardoza.house.gov/index.cfm?sectionid=87&parentid=6&sectiontree=6,87&itemid=420"
13031563884,2010-04-28 22:19:39,RepCardoza,0,0,Twitter Web Client,"The House passed a bill today to prevent wasteful spending:
http://cardoza.house.gov/index.cfm?sectionid=87&sectiontree=6,87&itemid=419"
12187519916,2010-04-14 22:26:36,RepCardoza,0,0,Twitter Web Client,"New legislation will create jobs and lower energy bills: 
http://cardoza.house.gov/index.cfm?sectionid=87&sectiontree=6,87&itemid=415"
12121841087,2010-04-13 20:08:06,RepCardoza,0,0,Twitter Web Client,"A new water project will assist drought stricken farmers: http://cardoza.house.gov/index.cfm?sectionid=87&sectiontree=6,87&itemid=414"
11108902345,2010-03-26 20:43:15,RepCardoza,0,0,Twitter Web Client,"The Obama Administration has announced new foreclosure aid:
http://cardoza.house.gov/index.cfm?sectionid=87&sectiontree=6,87&itemid=409"
11050904950,2010-03-25 20:05:17,RepCardoza,0,0,Twitter Web Client,"The House passed economic recovery support yesterday:
http://bit.ly/dyVKXw"
10788496454,2010-03-20 20:23:29,RepCardoza,0,1,Twitter Web Client,I will support the health care reform package: http://www.house.gov/list/press/ca18_cardoza/PRHCVOTE32010.html
10780424145,2010-03-20 16:48:04,RepCardoza,0,0,Twitter Web Client,I expect to announce my vote on health care reform in the next hour in the House Committee on Rules: http://www.cspan.org/Watch/C-SPAN2.aspx
10749088818,2010-03-20 00:38:57,RepCardoza,0,0,Twitter Web Client,I expect to announce to you and others how I will vote on health care reform Saturday.
10699567854,2010-03-19 01:24:51,RepCardoza,0,0,Twitter Web Client,The final health care reform legislation was released today. I and my staff have been going through the bill to determine all the details.
10699249492,2010-03-19 01:17:21,RepCardoza,0,0,Twitter Web Client,"Our farmers are suffering from predator fish in the Delta. Check it out!
http://www.house.gov/list/press/ca18_cardoza/PRFISH31810.html"
10627045229,2010-03-17 15:46:08,RepCardoza,0,0,Twitter Web Client,"The latest ag water allocations have been released by the Interior Department:
http://www.house.gov/list/press/ca18_cardoza/PRH2031610.html"
10526719496,2010-03-15 17:22:55,RepCardoza,0,0,Twitter Web Client,http://www.house.gov/list/press/ca18_cardoza/PRBLUEDOGCAPS31110.html
